{
  "batch_tests": {
    "1": {
      "Backprop (float32)": {
        "mean_us": 6.056307025573915,
        "std_us": 0.9465576218652495,
        "min_us": 5.333000444807112,
        "max_us": 18.917002307716757,
        "median_us": 6.042002496542409
      },
      "SA Standard (float32)": {
        "mean_us": 4.5349030260695145,
        "std_us": 0.4668346591494749,
        "min_us": 4.0000013541430235,
        "max_us": 9.709001460578293,
        "median_us": 4.625002475222573
      },
      "SA Binary (float32)": {
        "mean_us": 4.731217974040192,
        "std_us": 0.5858851178746842,
        "min_us": 4.041001375298947,
        "max_us": 11.790998541982844,
        "median_us": 4.625002475222573
      },
      "SA Quantized (int8)": {
        "mean_us": 12.420249080605572,
        "std_us": 2.6456929812910537,
        "min_us": 10.457999451318756,
        "max_us": 60.95799835748039,
        "median_us": 12.000000424450263
      }
    },
    "10": {
      "Backprop (float32)": {
        "mean_us": 7.776720969559392,
        "std_us": 0.9807243105587863,
        "min_us": 6.5829990489874035,
        "max_us": 15.749999874969944,
        "median_us": 7.542001185356639
      },
      "SA Standard (float32)": {
        "mean_us": 6.066202990041347,
        "std_us": 0.7146211446409504,
        "min_us": 5.1249990065116435,
        "max_us": 12.082997272955254,
        "median_us": 5.875001079402864
      },
      "SA Binary (float32)": {
        "mean_us": 6.013319045450771,
        "std_us": 0.8472591098753213,
        "min_us": 5.165999027667567,
        "max_us": 19.04099917737767,
        "median_us": 5.874997441424057
      },
      "SA Quantized (int8)": {
        "mean_us": 13.853617001586827,
        "std_us": 1.2749586302771367,
        "min_us": 11.916999937966466,
        "max_us": 26.166999305132776,
        "median_us": 13.541997759602964
      }
    },
    "100": {
      "Backprop (float32)": {
        "mean_us": 14.144689113891218,
        "std_us": 1.4523578013682956,
        "min_us": 11.916999937966466,
        "max_us": 43.6670015915297,
        "median_us": 14.040999303688295
      },
      "SA Standard (float32)": {
        "mean_us": 11.893146067450289,
        "std_us": 1.4779031115379744,
        "min_us": 10.332998499507084,
        "max_us": 31.457999284612015,
        "median_us": 11.833999451482669
      },
      "SA Binary (float32)": {
        "mean_us": 9.324467024271144,
        "std_us": 0.8453968913098643,
        "min_us": 8.667000656714663,
        "max_us": 15.083998732734472,
        "median_us": 9.166997188003734
      },
      "SA Quantized (int8)": {
        "mean_us": 18.51157603232423,
        "std_us": 0.7399827302040954,
        "min_us": 16.250000044237822,
        "max_us": 25.250003091059625,
        "median_us": 18.49999898695387
      }
    },
    "1000": {
      "Backprop (float32)": {
        "mean_us": 77.91458405699814,
        "std_us": 7.646853442020163,
        "min_us": 63.45799920381978,
        "max_us": 143.4580008208286,
        "median_us": 77.10449972364586
      },
      "SA Standard (float32)": {
        "mean_us": 70.82501201875857,
        "std_us": 9.477676196737267,
        "min_us": 53.625000873580575,
        "max_us": 145.58300244971178,
        "median_us": 70.00000005064066
      },
      "SA Binary (float32)": {
        "mean_us": 34.4507629997679,
        "std_us": 2.660018433433477,
        "min_us": 30.833001801511273,
        "max_us": 76.70899867662229,
        "median_us": 34.209000659757294
      },
      "SA Quantized (int8)": {
        "mean_us": 42.80955002468545,
        "std_us": 2.60732400122795,
        "min_us": 39.83299757237546,
        "max_us": 88.58300134306774,
        "median_us": 42.25000157020986
      }
    }
  },
  "model_sizes": {
    "Backprop (float32)": 8260,
    "SA Standard (float32)": 8260,
    "SA Binary (float32)": 8260,
    "SA Quantized (int8)": 2092
  },
  "summary": {
    "backprop_mse": 9.932714601745829e-05,
    "backprop_saturation": 0.4987500011920929,
    "sa_mse": 0.019649630412459373,
    "sa_saturation": 1.0,
    "binary_mse": 0.02745034731924534,
    "quantized_mse": 0.029649339616298676,
    "memory_savings_pct": 74.6731234866828,
    "speedup_binary": 1.5169434432094901
  }
}