{
  "method": "backprop_adam",
  "final_mse": 0.0008498720708303154,
  "epochs": 101,
  "elapsed_seconds": 0.049097499999334104,
  "k_mlp": 0,
  "k_ratio": 0.0,
  "per_neuron_saturation": [
    0.10999999940395355,
    0.20000000298023224,
    0.17000000178813934,
    0.17000000178813934,
    0.17000000178813934,
    0.1599999964237213,
    0.14000000059604645,
    0.36000001430511475
  ],
  "mse_history": [
    0.559876561164856,
    0.031413447111845016,
    0.010060685686767101,
    0.00538658956065774,
    0.003442897694185376,
    0.0024728509597480297,
    0.0020025584381073713,
    0.0016047918470576406,
    0.00118533696513623,
    0.0010178317315876484,
    0.0007992744212970138
  ]
}