{
  "Pure SA": {
    "sa_steps": 20000,
    "hc_steps": 0,
    "mean_mse": 0.017665655662616093,
    "std_mse": 0.0030986737355314983,
    "min_mse": 0.015190161764621735,
    "mean_k_ratio": 1.0,
    "all_mses": [
      0.015190161764621735,
      0.02203495427966118,
      0.01577185094356537
    ]
  },
  "Pure HC": {
    "sa_steps": 0,
    "hc_steps": 20000,
    "mean_mse": 0.006168208085000515,
    "std_mse": 0.0017643648089661385,
    "min_mse": 0.004446790553629398,
    "mean_k_ratio": 0.125,
    "all_mses": [
      0.004446790553629398,
      0.008593210950493813,
      0.005464622750878334
    ]
  },
  "Hybrid 50/50": {
    "sa_steps": 10000,
    "hc_steps": 10000,
    "mean_mse": 0.019464051661392052,
    "std_mse": 0.003502459416530695,
    "min_mse": 0.015223120339214802,
    "mean_k_ratio": 1.0,
    "all_mses": [
      0.019368279725313187,
      0.02380075491964817,
      0.015223120339214802
    ]
  },
  "Hybrid 70/30": {
    "sa_steps": 14000,
    "hc_steps": 6000,
    "mean_mse": 0.015990043990314007,
    "std_mse": 0.003178391251245195,
    "min_mse": 0.013364754617214203,
    "mean_k_ratio": 1.0,
    "all_mses": [
      0.014142918400466442,
      0.013364754617214203,
      0.020462458953261375
    ]
  },
  "Hybrid 80/20": {
    "sa_steps": 16000,
    "hc_steps": 4000,
    "mean_mse": 0.020220743492245674,
    "std_mse": 0.000769715595212725,
    "min_mse": 0.019141826778650284,
    "mean_k_ratio": 1.0,
    "all_mses": [
      0.019141826778650284,
      0.02063511312007904,
      0.020885290578007698
    ]
  },
  "Hybrid 90/10": {
    "sa_steps": 18000,
    "hc_steps": 2000,
    "mean_mse": 0.017023033772905666,
    "std_mse": 0.0033008191371677585,
    "min_mse": 0.0124666728079319,
    "mean_k_ratio": 1.0,
    "all_mses": [
      0.020180299878120422,
      0.0124666728079319,
      0.01842212863266468
    ]
  },
  "summary": {
    "winner": "Pure HC",
    "total_budget": 20000,
    "n_runs": 3,
    "hypothesis_supported": false
  }
}