{
  "noise_levels": [
    0.0,
    0.1,
    0.2,
    0.3,
    0.5,
    0.7,
    1.0
  ],
  "backprop": {
    "clean_mse": 9.983990457840264e-05,
    "saturation": 0.4987500011920929,
    "noisy_mse": [
      9.932714601745829e-05,
      0.012818102352321148,
      0.031264137290418145,
      0.05422581657767296,
      0.12160035818815232,
      0.19202614724636077,
      0.3625693082809448
    ],
    "noisy_std": [
      0.0,
      0.002189952158244015,
      0.006855130064198859,
      0.011369554754934364,
      0.017078173251866238,
      0.023641460921478237,
      0.05824657162501339
    ]
  },
  "evolutionary": {
    "clean_mse": 0.019649630412459373,
    "saturation": 1.0,
    "noisy_mse": [
      0.019649630412459373,
      0.0991530403494835,
      0.11244444251060486,
      0.12719194516539573,
      0.19705322682857512,
      0.27557931989431383,
      0.4175328999757767
    ],
    "noisy_std": [
      0.0,
      0.01192589513371025,
      0.017156822301124575,
      0.01751102637977769,
      0.031085432156914485,
      0.03880103466342773,
      0.03635126925483192
    ]
  },
  "summary": {
    "bp_wins": 7,
    "evo_wins": 0,
    "bp_degradation": 3650.253961965419,
    "evo_degradation": 21.248893297811282,
    "hypothesis_supported": 